"Time stamp","Air compressors  - Total  (kWh)","Air dryers  - Total  (kWh)","Air handlers  - Total  (kWh)","Conveyors  - Total  (kWh)","Fans  - Total  (kWh)","MDP   (kWh)","MDP2   (kWh)","Main  - Total  (kWh)"
"2022-03-01 00:00","44.15","1.33","63.13","0.0","7.24","120.84","176.8","57.12"
"2022-03-01 01:00","44.52","1.86","63.94","0.0","7.31","122.7","174.93","55.52"
"2022-03-01 02:00","45.24","1.17","62.74","0.0","7.37","121.79","177.02","57.07"
"2022-03-01 03:00","45.69","1.3","63.22","0.0","7.22","122.49","184.61","57.53"
"2022-03-01 04:00","45.23","1.14","63.56","0.0","7.18","422.04","212.89","56.53"
"2022-03-01 05:00","48.83","1.15","64.21","0.0","7.52","438.38","245.73","54.16"
"2022-03-01 06:00","100.11","2.99","63.9","2.9","7.63","638.0","300.51","50.0"
"2022-03-01 07:00","99.99","3.04","63.88","3.82","7.62","771.11","290.95","43.73"
"2022-03-01 08:00","116.4","3.26","70.38","4.26","7.83","774.94","308.63","40.18"
"2022-03-01 09:00","121.77","3.31","86.67","4.68","7.67","789.38","310.97","41.53"
"2022-03-01 10:00","90.28","3.16","86.44","2.58","7.7","762.44","306.82","38.82"
"2022-03-01 11:00","76.32","1.78","86.65","4.27","7.51","767.18","288.49","31.92"
"2022-03-01 12:00","61.85","1.62","85.97","3.29","7.51","726.41","255.74","33.25"
"2022-03-01 13:00","49.09","1.69","88.08","2.86","7.38","460.43","261.0","34.9"
"2022-03-01 14:00","42.98","1.23","86.64","2.22","7.16","178.49","247.45","33.01"
"2022-03-01 15:00","42.25","1.32","86.79","2.22","7.02","138.78","227.44","38.11"
"2022-03-01 16:00","42.65","1.33","85.53","2.22","7.28","134.96","206.38","36.99"
"2022-03-01 17:00","43.97","1.03","85.39","2.21","7.63","133.44","205.31","41.57"
"2022-03-01 18:00","44.82","0.986","86.04","2.22","7.86","130.41","204.89","43.72"
"2022-03-01 19:00","45.05","1.01","86.77","2.22","7.93","129.36","197.93","45.44"
"2022-03-01 20:00","44.83","1.38","85.61","2.22","8.01","129.05","184.14","47.09"
"2022-03-01 21:00","43.05","1.06","85.45","2.22","7.95","126.28","182.55","49.89"
"2022-03-01 22:00","44.1","1.17","85.75","2.23","7.73","126.39","177.32","54.07"
"2022-03-01 23:00","43.96","1.17","85.68","2.23","7.71","126.42","177.7","57.13"
"2022-03-02 00:00","44.21","1.3","86.09","2.22","7.67","127.32","182.1","57.0"
"2022-03-02 01:00","41.97","1.01","85.45","2.22","7.66","125.03","181.25","57.28"
"2022-03-02 02:00","43.91","1.03","85.72","2.22","7.65","127.21","178.45","56.56"
"2022-03-02 03:00","44.46","1.2","85.25","2.22","7.74","129.47","184.1","56.62"
"2022-03-02 04:00","43.6","1.17","85.47","2.21","7.71","577.29","214.33","56.85"
"2022-03-02 05:00","51.76","1.95","85.25","2.22","7.85","496.17","262.83","54.54"
"2022-03-02 06:00","93.25","2.18","86.66","3.59","8.0","702.48","301.32","50.97"
"2022-03-02 07:00","114.28","3.03","86.53","5.17","7.92","735.75","315.37","44.39"
"2022-03-02 08:00","102.67","2.95","86.89","4.32","7.86","718.39","308.34","42.23"
"2022-03-02 09:00","107.65","3.13","87.17","4.59","7.76","723.51","303.92","41.57"
"2022-03-02 10:00","90.52","2.27","86.88","3.49","7.63","709.15","293.91","38.73"
"2022-03-02 11:00","101.79","2.96","87.86","4.72","7.54","758.31","299.98","31.5"
"2022-03-02 12:00","60.72","1.83","86.99","4.02","7.53","732.62","275.39","28.79"
"2022-03-02 13:00","51.44","1.27","88.28","3.66","7.39","549.86","262.33","27.09"
"2022-03-02 14:00","47.71","1.7","87.7","2.21","7.34","136.97","252.59","31.86"
"2022-03-02 15:00","39.17","1.13","86.83","2.23","7.19","124.93","238.7","34.74"
"2022-03-02 16:00","39.56","1.18","86.27","2.22","7.28","127.92","208.78","35.82"
"2022-03-02 17:00","41.96","1.19","84.27","2.22","7.49","120.76","206.36","36.72"
"2022-03-02 18:00","39.26","0.8534","84.41","2.22","7.93","119.88","198.42","41.08"
"2022-03-02 19:00","39.27","1.3","84.22","2.21","8.03","121.84","201.33","43.11"
"2022-03-02 20:00","37.76","1.01","83.82","2.22","8.06","120.11","175.94","45.01"
"2022-03-02 21:00","39.83","0.5289","84.09","2.23","7.94","119.49","170.1","50.72"
"2022-03-02 22:00","36.97","1.16","84.88","2.22","7.72","119.11","174.01","54.17"
"2022-03-02 23:00","38.13","1.18","85.03","2.23","7.58","120.62","176.21","55.32"
"2022-03-03 00:00","37.92","1.19","85.26","2.22","7.53","121.37","178.21","56.62"
"2022-03-03 01:00","37.22","1.21","84.52","2.22","7.63","120.21","175.05","55.33"
"2022-03-03 02:00","38.16","1.16","85.97","2.22","7.64","122.75","172.9","55.12"
"2022-03-03 03:00","37.3","1.19","84.34","2.22","7.57","125.98","181.21","56.64"
"2022-03-03 04:00","39.68","1.61","85.38","2.21","7.69","593.29","207.65","56.85"
"2022-03-03 05:00","44.25","1.5","84.41","2.21","7.95","508.5","258.57","56.32"
"2022-03-03 06:00","63.8","1.27","86.52","3.35","7.91","539.63","286.83","51.43"
"2022-03-03 07:00","102.22","3.17","86.06","4.5","7.88","595.63","316.09","49.01"
"2022-03-03 08:00","112.58","3.02","87.21","4.29","7.82","622.0","323.99","45.87"
"2022-03-03 09:00","100.71","3.12","87.32","3.69","7.79","509.19","293.26","41.31"
"2022-03-03 10:00","106.85","2.91","87.67","3.97","7.7","501.17","317.1","42.11"
"2022-03-03 11:00","110.07","2.89","87.14","4.9","7.63","498.16","318.53","42.2"
"2022-03-03 12:00","90.14","2.19","87.5","4.1","7.7","465.91","301.48","44.03"
"2022-03-03 13:00","51.18","1.68","87.36","3.52","7.74","396.25","257.87","44.12"
"2022-03-03 14:00","47.81","1.23","88.13","3.5","7.59","287.3","254.29","41.1"
"2022-03-03 15:00","42.33","1.01","86.87","2.23","7.69","280.76","282.63","44.12"
"2022-03-03 16:00","44.51","0.986","87.15","2.22","7.71","238.55","240.92","45.7"
"2022-03-03 17:00","45.47","1.71","87.46","2.24","7.71","180.16","226.87","46.21"
"2022-03-03 18:00","46.93","1.27","86.0","2.22","8.1","129.61","218.54","46.81"
"2022-03-03 19:00","44.78","1.37","87.04","2.22","8.29","130.0","210.88","49.47"
"2022-03-03 20:00","47.33","1.33","85.65","2.23","8.26","129.08","199.01","51.92"
"2022-03-03 21:00","47.28","1.2","86.78","2.23","8.06","131.39","185.5","56.56"
"2022-03-03 22:00","46.94","1.16","85.43","2.22","7.86","129.55","189.69","57.99"
"2022-03-03 23:00","46.29","1.02","86.1","2.22","7.84","131.87","188.33","58.62"
"2022-03-04 00:00","45.57","1.38","85.64","2.22","7.6","131.3","187.72","58.18"
"2022-03-04 01:00","45.22","1.0","86.15","2.22","7.5","131.83","186.55","58.22"
"2022-03-04 02:00","45.2","1.0","85.35","2.23","7.58","130.79","190.23","58.56"
"2022-03-04 03:00","45.24","1.18","85.74","2.23","7.65","137.09","192.09","58.89"
"2022-03-04 04:00","44.73","1.02","85.84","2.21","7.57","353.16","217.52","58.77"
"2022-03-04 05:00","47.75","1.31","86.47","2.34","7.76","344.19","259.53","55.72"
"2022-03-04 06:00","90.92","2.72","88.39","3.82","7.68","408.1","301.04","49.63"
"2022-03-04 07:00","103.18","3.03","87.17","4.3","7.5","413.45","303.77","44.54"
"2022-03-04 08:00","98.22","2.33","88.24","4.21","7.41","386.64","314.47","42.26"
"2022-03-04 09:00","97.38","3.11","87.15","4.3","7.46","379.99","295.47","42.65"
"2022-03-04 10:00","70.79","2.04","87.32","3.5","7.44","339.45","275.76","39.82"
"2022-03-04 11:00","49.86","1.67","87.88","4.34","7.35","245.4","257.87","38.9"
"2022-03-04 12:00","50.92","1.02","87.09","3.11","7.31","185.0","252.04","36.15"
"2022-03-04 13:00","47.42","1.17","88.81","3.54","7.02","184.64","240.24","35.11"
"2022-03-04 14:00","40.5","1.54","86.8","3.19","7.1","176.72","256.46","39.64"
"2022-03-04 15:00","34.0","1.26","87.05","2.22","7.23","154.15","238.16","42.79"
"2022-03-04 16:00","33.93","1.18","84.75","2.21","7.35","124.87","211.67","45.88"
"2022-03-04 17:00","34.31","1.18","85.0","2.2","7.38","124.56","205.1","48.13"
"2022-03-04 18:00","32.31","0.971","84.93","2.21","7.74","119.66","200.39","50.85"
"2022-03-04 19:00","33.45","0.3347","85.1","2.2","7.8","118.53","191.21","54.11"
"2022-03-04 20:00","32.6","1.2","84.76","2.2","7.29","117.31","172.29","53.71"
"2022-03-04 21:00","32.31","1.16","85.38","2.2","7.45","117.61","175.59","57.21"
"2022-03-04 22:00","32.26","1.18","84.31","2.2","7.24","116.3","170.9","57.69"
"2022-03-04 23:00","32.69","1.19","85.4","2.2","7.17","117.89","165.67","53.96"
"2022-03-05 00:00","32.32","1.2","83.98","2.2","7.11","115.3","165.38","54.2"
"2022-03-05 01:00","31.9","1.32","85.78","2.2","6.92","118.3","163.22","55.66"
"2022-03-05 02:00","31.9","0.6608","84.01","2.2","6.93","114.72","162.85","53.97"
"2022-03-05 03:00","32.17","1.3","85.7","2.19","6.81","117.99","163.89","54.44"
"2022-03-05 04:00","32.36","1.15","84.07","2.21","7.07","115.89","172.61","52.14"
"2022-03-05 05:00","33.24","1.18","84.66","2.21","7.51","117.07","173.08","51.89"
"2022-03-05 06:00","33.49","1.01","84.82","2.21","7.28","117.22","169.85","53.07"
"2022-03-05 07:00","33.13","1.3","84.21","2.21","7.21","113.55","164.51","47.42"
"2022-03-05 08:00","34.28","1.33","84.75","2.2","7.35","116.22","174.16","47.6"
"2022-03-05 09:00","33.38","0.6639","83.05","2.2","7.34","111.17","182.03","46.94"
"2022-03-05 10:00","33.67","1.15","84.62","2.2","7.28","113.73","179.89","47.69"
"2022-03-05 11:00","32.4","1.17","83.22","2.19","6.96","111.45","191.53","51.44"
"2022-03-05 12:00","31.72","1.0","82.61","2.18","6.64","109.35","190.15","45.56"
"2022-03-05 13:00","31.66","1.18","83.1","2.19","6.81","110.85","169.78","42.05"
"2022-03-05 14:00","31.08","1.37","83.36","2.19","6.63","109.8","144.93","35.41"
"2022-03-05 15:00","33.88","1.31","82.46","2.2","7.03","110.28","167.48","38.81"
"2022-03-05 16:00","32.31","1.19","83.16","2.2","7.15","110.99","167.1","37.46"
"2022-03-05 17:00","31.68","1.96","82.65","2.2","6.99","109.55","154.44","38.45"
"2022-03-05 18:00","34.44","1.35","81.73","2.19","7.37","109.95","148.2","34.99"
"2022-03-05 19:00","32.71","0.6955","81.41","2.2","7.24","108.83","153.9","38.9"
"2022-03-05 20:00","31.81","1.17","81.88","2.2","6.92","109.16","145.46","36.63"
"2022-03-05 21:00","32.55","1.16","81.7","2.19","6.81","109.88","142.02","35.52"
"2022-03-05 22:00","31.19","1.17","82.86","2.2","6.5","111.13","147.94","31.38"
"2022-03-05 23:00","29.48","1.01","83.94","2.2","6.3","111.29","149.03","32.21"
"2022-03-06 00:00","29.29","1.02","81.98","2.2","6.49","108.38","154.87","41.06"
"2022-03-06 01:00","28.84","1.36","82.54","2.2","6.05","108.88","159.68","42.28"
"2022-03-06 02:00","26.2","1.14","84.92","2.2","6.15","99.05","134.61","38.89"
"2022-03-06 03:00","26.95","1.33","83.62","2.19","6.54","95.53","156.11","25.26"
"2022-03-06 04:00","30.4","1.02","86.72","2.21","7.55","112.5","159.27","47.25"
"2022-03-06 05:00","26.43","1.48","86.37","2.19","7.17","112.7","160.93","49.47"
"2022-03-06 06:00","25.53","4.83","86.47","2.2","6.91","112.59","162.51","53.0"
"2022-03-06 07:00","25.09","9.64","86.38","2.19","6.89","110.21","152.93","53.35"
"2022-03-06 08:00","25.95","10.28","85.7","2.2","6.77","110.77","154.63","53.79"
"2022-03-06 09:00","26.94","1.02","86.37","2.2","6.88","111.31","157.46","54.1"
"2022-03-06 10:00","27.36","1.17","86.05","2.2","6.93","111.41","172.75","57.2"
"2022-03-06 11:00","34.03","1.32","84.24","2.21","7.8","112.92","171.35","59.17"
"2022-03-06 12:00","33.93","1.18","84.73","2.21","7.17","112.36","166.03","54.36"
"2022-03-06 13:00","32.56","0.6758","84.97","2.2","7.01","112.99","164.15","54.18"
"2022-03-06 14:00","32.01","0.9979","85.31","2.2","7.15","112.55","164.26","54.18"
"2022-03-06 15:00","31.97","1.5","84.7","2.21","7.06","112.39","170.65","54.14"
"2022-03-06 16:00","31.56","0.6845","84.83","2.2","7.15","112.2","166.65","52.31"
"2022-03-06 17:00","32.47","0.8329","84.89","2.2","7.28","112.77","156.85","51.63"
"2022-03-06 18:00","32.91","1.01","84.89","2.2","7.62","114.3","171.46","55.58"
"2022-03-06 19:00","33.52","1.16","84.29","2.2","7.98","114.06","169.81","57.05"
"2022-03-06 20:00","33.9","0.6639","85.88","2.2","7.92","115.71","169.85","57.3"
"2022-03-06 21:00","33.37","1.38","85.11","2.2","7.6","114.47","170.6","58.56"
"2022-03-06 22:00","32.53","1.29","86.4","2.2","7.29","116.37","168.25","58.62"
"2022-03-06 23:00","31.86","1.33","84.18","2.2","7.01","112.88","167.42","57.76"
"2022-03-07 00:00","32.19","1.01","84.25","2.19","7.14","113.05","168.45","57.88"
"2022-03-07 01:00","32.52","1.09","83.85","2.2","7.06","112.79","168.62","57.1"
"2022-03-07 02:00","32.99","0.5234","82.66","2.2","7.24","111.51","170.61","56.27"
"2022-03-07 03:00","33.95","1.16","81.03","2.19","7.37","108.66","166.86","55.73"
"2022-03-07 04:00","32.42","1.14","82.89","2.2","7.39","110.3","178.99","57.53"
"2022-03-07 05:00","33.56","1.15","82.1","2.2","7.74","185.68","215.46","57.69"
"2022-03-07 06:00","43.67","1.46","82.22","2.19","7.38","301.78","224.51","53.57"
"2022-03-07 07:00","52.54","1.66","82.1","2.19","7.37","361.13","221.2","52.28"
"2022-03-07 08:00","48.8","0.9963","81.75","2.2","7.46","355.7","222.59","48.79"
"2022-03-07 09:00","46.95","1.83","82.59","2.2","7.3","312.08","223.52","46.09"
"2022-03-07 10:00","36.37","1.14","82.41","2.2","7.3","253.62","234.14","45.16"
"2022-03-07 11:00","37.91","1.18","84.5","2.2","7.26","248.77","222.76","44.36"
"2022-03-07 12:00","40.32","1.17","84.92","2.2","7.18","286.61","218.54","46.74"
"2022-03-07 13:00","39.41","1.18","84.7","2.2","7.85","378.49","220.27","46.46"
"2022-03-07 14:00","39.58","1.32","85.33","2.2","8.49","183.43","211.87","45.28"
"2022-03-07 15:00","36.27","1.1","85.31","2.2","8.51","171.07","209.19","49.61"
"2022-03-07 16:00","39.97","1.7","87.41","2.2","8.55","136.43","207.12","50.66"
"2022-03-07 17:00","42.46","1.32","84.01","2.2","8.78","119.72","201.74","51.72"
"2022-03-07 18:00","35.69","1.31","86.23","2.2","9.05","120.03","195.82","54.61"
"2022-03-07 19:00","34.08","1.17","84.42","2.21","9.05","117.99","188.68","56.49"
"2022-03-07 20:00","33.21","0.5281","86.65","2.21","9.14","122.38","178.59","58.0"
"2022-03-07 21:00","32.8","1.17","84.45","2.22","9.13","119.51","177.54","61.73"
"2022-03-07 22:00","34.29","1.17","86.12","2.21","8.96","123.32","178.08","62.34"
"2022-03-07 23:00","37.9","1.18","85.13","2.2","7.83","121.82","175.81","60.34"
"2022-03-08 00:00","36.32","1.16","86.06","2.21","7.87","122.13","175.58","59.82"
"2022-03-08 01:00","37.37","1.01","85.13","2.2","7.83","121.93","177.63","62.2"
"2022-03-08 02:00","36.1","1.32","86.47","2.21","7.9","122.16","179.05","62.63"
"2022-03-08 03:00","36.91","1.2","85.66","2.21","7.96","122.14","180.64","63.77"
"2022-03-08 04:00","38.5","1.35","86.17","2.21","8.08","123.5","192.82","64.26"
"2022-03-08 05:00","40.64","0.6908","86.31","2.21","8.15","202.55","230.98","64.14"
"2022-03-08 06:00","47.15","1.84","86.12","2.34","7.86","497.64","236.13","61.9"
"2022-03-08 07:00","55.51","1.42","87.4","2.42","7.88","393.18","233.93","55.02"
"2022-03-08 08:00","51.39","1.69","86.6","2.44","7.81","383.77","231.75","53.97"
"2022-03-08 09:00","47.43","1.0","87.25","2.69","7.56","367.74","235.49","52.64"
"2022-03-08 10:00","35.58","0.975","86.69","2.2","7.4","307.35","223.05","47.9"
"2022-03-08 11:00","37.73","0.5139","86.3","2.2","7.48","293.81","217.61","45.91"
"2022-03-08 12:00","32.4","0.8723","85.21","2.19","7.37","315.56","211.32","45.06"
"2022-03-08 13:00","32.53","0.6892","84.3","2.2","7.51","252.81","211.64","49.47"
"2022-03-08 14:00","32.21","1.17","85.15","2.2","7.38","160.0","206.68","50.63"
"2022-03-08 15:00","35.46","1.34","84.17","2.19","7.01","114.52","207.35","49.72"
"2022-03-08 16:00","30.95","0.6781","85.12","2.19","5.62","109.21","202.07","53.12"
"2022-03-08 17:00","33.16","0.9923","84.07","2.21","6.0","108.59","188.42","52.28"
"2022-03-08 18:00","33.39","1.19","85.41","2.2","6.02","110.65","189.09","52.24"
"2022-03-08 19:00","32.1","0.6821","84.64","2.2","6.33","111.05","183.36","53.7"
"2022-03-08 20:00","32.51","1.01","85.39","2.2","6.12","113.5","169.36","55.2"
"2022-03-08 21:00","31.11","0.821","85.16","2.2","6.0","113.13","172.0","58.4"
"2022-03-08 22:00","30.97","1.13","85.43","2.2","5.77","113.53","170.66","58.2"
"2022-03-08 23:00","31.77","1.18","84.67","2.2","5.8","113.76","170.19","59.54"
"2022-03-09 00:00","30.82","1.16","84.74","2.2","5.8","115.17","173.41","59.23"
"2022-03-09 01:00","33.09","0.6552","84.39","2.2","6.01","116.66","172.12","59.63"
"2022-03-09 02:00","30.56","1.19","84.09","2.2","5.9","113.95","173.25","60.03"
"2022-03-09 03:00","32.24","1.02","84.8","2.2","5.78","116.4","177.46","63.12"
"2022-03-09 04:00","31.04","1.32","84.52","2.21","5.57","161.62","190.99","67.08"
"2022-03-09 05:00","32.13","1.34","85.08","2.2","5.84","484.83","226.38","65.31"
"2022-03-09 06:00","36.9","1.18","84.91","2.2","6.17","364.46","229.56","56.3"
"2022-03-09 07:00","44.06","2.07","85.59","2.18","6.29","434.19","223.1","54.43"
"2022-03-09 08:00","41.48","7.43","84.44","2.2","6.66","456.24","222.31","49.96"
"2022-03-09 09:00","44.46","1.35","86.12","2.2","7.14","407.67","225.8","45.44"
"2022-03-09 10:00","40.25","1.17","83.81","2.2","7.01","337.58","230.11","51.56"
"2022-03-09 11:00","33.76","1.18","85.18","2.2","6.93","345.53","223.63","49.76"
"2022-03-09 12:00","34.7","1.17","85.04","2.2","6.83","371.7","217.69","50.18"
"2022-03-09 13:00","32.11","1.01","85.46","2.2","6.97","316.38","214.11","49.08"
"2022-03-09 14:00","29.44","1.03","85.75","2.19","7.16","220.78","206.34","46.03"
"2022-03-09 15:00","31.72","1.48","85.74","2.2","7.25","118.59","206.47","46.34"
"2022-03-09 16:00","30.54","1.32","84.09","2.2","7.43","114.69","193.47","46.43"
"2022-03-09 17:00","38.61","0.8581","84.12","2.2","7.47","121.73","188.53","51.5"
"2022-03-09 18:00","39.04","1.04","84.94","2.22","7.67","123.76","193.17","52.58"
"2022-03-09 19:00","40.87","1.01","83.89","2.21","7.16","121.78","188.97","52.53"
"2022-03-09 20:00","37.04","1.04","84.55","2.21","6.96","119.52","173.49","52.87"
"2022-03-09 21:00","35.94","1.2","84.47","2.2","6.94","119.36","174.75","56.27"
"2022-03-09 22:00","35.18","1.37","84.29","2.2","6.84","119.71","172.35","61.23"
"2022-03-09 23:00","37.12","1.34","83.78","2.2","6.88","121.13","174.19","64.19"
"2022-03-10 00:00","34.28","1.18","83.78","2.2","6.79","119.55","175.55","64.58"
"2022-03-10 01:00","35.23","1.14","83.69","2.2","6.75","119.96","173.94","63.85"
"2022-03-10 02:00","36.84","1.04","83.55","2.19","6.82","121.04","170.21","64.5"
"2022-03-10 03:00","34.71","0.5258","83.55","2.19","6.72","125.9","176.87","68.29"
"2022-03-10 04:00","34.46","1.02","83.56","2.2","6.54","302.72","190.46","67.7"
"2022-03-10 05:00","37.53","1.18","84.57","2.2","7.07","162.34","216.02","67.06"
"2022-03-10 06:00","46.32","1.2","83.82","2.2","7.43","161.48","227.52","60.57"
"2022-03-10 07:00","46.94","1.21","85.24","2.2","8.27","172.59","224.06","60.39"
"2022-03-10 08:00","58.2","1.64","85.44","2.2","7.12","367.04","234.36","58.9"
"2022-03-10 09:00","58.92","0.9955","86.74","2.2","7.05","326.24","233.76","55.7"
"2022-03-10 10:00","50.46","2.01","86.27","2.2","7.65","391.54","235.15","57.17"
"2022-03-10 11:00","51.34","1.81","87.23","2.19","7.6","409.33","227.39","52.47"
"2022-03-10 12:00","52.21","1.14","86.4","2.19","7.61","428.61","221.71","51.53"
"2022-03-10 13:00","35.52","1.19","87.32","2.19","7.6","419.83","215.71","48.29"
"2022-03-10 14:00","35.21","1.86","86.17","2.19","7.69","224.8","213.4","48.75"
"2022-03-10 15:00","33.58","0.6671","85.67","2.2","7.78","125.19","214.15","52.03"
"2022-03-10 16:00","35.31","1.33","84.56","2.2","7.96","123.71","205.27","54.84"
"2022-03-10 17:00","34.36","1.17","84.7","2.2","7.7","123.2","183.06","56.72"
"2022-03-10 18:00","35.69","1.16","84.95","2.2","7.81","125.2","192.12","56.23"
"2022-03-10 19:00","35.99","1.17","84.7","2.21","7.89","127.0","184.89","57.72"
"2022-03-10 20:00","33.99","1.02","84.95","2.2","7.95","125.95","175.89","62.94"
"2022-03-10 21:00","37.69","1.03","84.9","2.2","7.67","126.25","180.4","66.3"
"2022-03-10 22:00","40.14","1.54","85.15","2.2","6.88","127.39","177.06","66.04"
"2022-03-10 23:00","38.6","1.48","84.08","2.2","6.93","124.68","178.61","66.36"
"2022-03-11 00:00","39.8","1.21","85.5","2.2","6.82","129.57","177.88","66.94"
"2022-03-11 01:00","40.36","1.01","84.42","2.2","6.88","127.96","179.78","68.16"
"2022-03-11 02:00","40.08","1.01","85.34","2.2","6.84","129.73","180.38","69.41"
"2022-03-11 03:00","39.09","1.31","84.88","2.2","6.83","127.62","184.1","69.44"
"2022-03-11 04:00","40.48","1.0","85.19","2.21","6.83","129.96","189.67","69.03"
"2022-03-11 05:00","35.16","1.12","84.58","2.2","6.7","519.43","231.88","67.85"
"2022-03-11 06:00","55.94","1.51","84.98","2.2","6.51","408.92","247.13","65.75"
"2022-03-11 07:00","64.15","1.86","84.85","2.2","6.83","446.41","233.55","59.36"
"2022-03-11 08:00","61.42","1.99","84.06","2.2","6.81","476.85","233.21","57.01"
"2022-03-11 09:00","59.03","1.15","85.18","2.2","6.7","497.27","229.84","55.82"
"2022-03-11 10:00","51.02","1.69","84.21","2.2","6.72","370.2","227.71","54.97"
"2022-03-11 11:00","43.75","1.16","84.86","2.2","6.54","352.75","226.73","54.52"
"2022-03-11 12:00","34.24","1.26","85.05","2.2","6.94","357.56","220.75","52.03"
"2022-03-11 13:00","35.9","1.55","85.31","2.2","7.67","230.64","215.51","54.72"
"2022-03-11 14:00","34.29","1.31","85.5","2.19","7.73","121.1","212.39","55.02"
"2022-03-11 15:00","34.57","1.32","84.87","2.21","7.63","120.06","208.31","56.03"
"2022-03-11 16:00","34.73","1.16","84.65","2.2","7.37","120.67","202.37","60.18"
"2022-03-11 17:00","32.89","1.15","83.68","2.21","7.5","115.53","190.21","61.14"
"2022-03-11 18:00","32.37","1.18","83.97","2.21","7.66","118.26","186.26","62.57"
"2022-03-11 19:00","33.79","1.17","84.82","2.2","7.89","121.3","183.29","65.67"
"2022-03-11 20:00","30.75","0.6742","83.66","2.2","7.88","117.88","183.12","70.86"
"2022-03-11 21:00","30.18","1.16","84.43","2.2","8.12","120.91","184.47","71.9"
"2022-03-11 22:00","31.88","1.31","83.73","2.2","7.56","119.76","185.03","71.22"
"2022-03-11 23:00","34.48","1.01","84.58","2.2","7.01","122.21","185.79","70.61"
"2022-03-12 00:00","34.56","1.02","84.14","2.21","7.07","121.3","190.16","73.66"
"2022-03-12 01:00","32.22","0.9915","84.75","2.2","7.11","122.75","189.12","75.36"
"2022-03-12 02:00","34.46","0.971","84.52","2.2","7.23","121.71","190.84","76.29"
"2022-03-12 03:00","35.14","0.6718","82.78","2.2","7.29","112.95","190.62","77.84"
"2022-03-12 04:00","34.8","1.19","62.62","2.21","7.32","109.47","203.53","79.57"
"2022-03-12 05:00","35.3","1.35","63.56","2.21","7.41","111.51","203.38","79.44"
"2022-03-12 06:00","33.84","1.02","62.52","2.21","7.33","108.87","201.36","80.23"
"2022-03-12 07:00","33.18","1.18","62.19","2.21","7.43","106.87","197.38","80.71"
"2022-03-12 08:00","35.54","1.33","62.71","2.21","7.45","109.08","197.87","80.86"
"2022-03-12 09:00","35.24","1.3","62.22","2.2","7.38","108.34","198.3","80.75"
"2022-03-12 10:00","34.0","0.6947","62.66","2.21","7.16","107.67","206.97","82.02"
"2022-03-12 11:00","33.06","1.01","62.87","2.21","7.12","107.44","196.06","79.49"
"2022-03-12 12:00","34.4","1.01","62.56","2.21","7.02","106.63","199.58","79.35"
"2022-03-12 13:00","34.09","0.9529","62.75","2.21","6.87","105.65","194.92","79.19"
"2022-03-12 14:00","33.27","1.18","62.35","2.2","6.88","104.54","194.51","79.97"
"2022-03-12 15:00","30.6","0.8479","63.12","2.21","6.66","105.05","194.69","81.02"
"2022-03-12 16:00","33.86","1.35","62.79","2.2","6.94","106.48","191.12","80.11"
"2022-03-12 17:00","33.86","0.716","62.89","2.2","7.0","105.96","194.45","78.51"
"2022-03-12 18:00","34.72","1.01","62.92","2.19","7.14","106.98","184.28","72.48"
"2022-03-12 19:00","32.94","1.17","63.45","2.19","7.14","108.3","185.37","71.9"
"2022-03-12 20:00","33.26","3.08","62.92","2.19","6.84","108.28","182.83","73.72"
"2022-03-12 21:00","34.73","6.25","62.72","2.2","6.99","109.38","190.94","79.65"
"2022-03-12 22:00","34.37","13.57","61.96","2.2","6.88","108.12","190.06","79.46"
"2022-03-12 23:00","33.68","0.6237","62.74","2.2","6.76","108.14","190.17","75.86"
"2022-03-13 00:00","32.43","1.16","62.05","2.21","6.68","107.13","194.73","78.23"
"2022-03-13 02:00","32.47","1.17","62.28","2.21","6.78","107.23","190.7","76.86"
"2022-03-13 03:00","33.06","1.19","61.08","2.2","6.64","106.65","190.56","76.95"
"2022-03-13 04:00","33.47","1.25","62.42","2.2","6.49","108.79","191.6","75.89"
"2022-03-13 05:00","34.19","1.16","61.78","2.2","6.84","107.71","190.3","73.58"
"2022-03-13 06:00","33.99","0.66","62.54","2.2","6.94","108.36","189.65","74.64"
"2022-03-13 07:00","34.01","1.19","62.09","2.2","6.71","107.67","184.32","74.37"
"2022-03-13 08:00","33.7","1.28","62.62","2.2","6.7","106.7","177.86","75.82"
"2022-03-13 09:00","33.92","1.17","62.25","2.2","6.72","105.04","174.98","75.22"
"2022-03-13 10:00","33.83","1.33","62.32","2.19","6.62","104.8","172.52","72.06"
"2022-03-13 11:00","31.76","1.02","62.11","2.2","6.65","102.91","172.72","70.38"
"2022-03-13 12:00","31.67","1.02","61.94","2.2","6.62","101.43","166.28","65.38"
"2022-03-13 13:00","32.54","1.16","62.63","2.2","6.61","102.45","163.41","61.75"
"2022-03-13 14:00","31.4","0.6663","62.28","2.2","6.41","100.37","167.81","63.92"
"2022-03-13 15:00","31.8","1.17","62.11","2.2","6.5","100.17","170.98","63.54"
"2022-03-13 16:00","31.85","0.9923","62.7","2.2","6.65","101.09","165.24","60.03"
"2022-03-13 17:00","32.46","0.9797","62.42","2.2","6.91","100.9","164.88","59.4"
"2022-03-13 18:00","32.39","0.8566","62.15","2.2","6.91","100.56","159.3","57.33"
"2022-03-13 19:00","32.98","0.8297","63.35","2.2","7.0","103.36","159.41","53.58"
"2022-03-13 20:00","31.59","1.01","62.4","2.2","7.01","102.44","166.18","56.51"
"2022-03-13 21:00","31.26","0.6063","62.93","2.2","6.99","102.25","166.64","59.47"
"2022-03-13 22:00","31.75","1.31","63.03","2.2","6.89","104.22","166.43","56.85"
"2022-03-13 23:00","31.76","1.31","63.25","2.2","6.68","104.66","166.45","57.29"
"2022-03-14 00:00","32.34","1.13","62.55","2.2","6.62","104.26","167.5","58.29"
"2022-03-14 01:00","32.16","1.17","62.93","2.2","6.48","103.98","165.04","58.12"
"2022-03-14 02:00","31.61","1.2","63.7","2.2","6.32","104.63","166.59","59.41"
"2022-03-14 03:00","30.88","0.6876","62.54","2.2","6.38","102.48","167.42","58.31"
"2022-03-14 04:00","31.73","1.16","62.97","2.2","6.41","243.87","182.37","59.51"
"2022-03-14 05:00","35.21","1.12","63.06","2.2","6.75","413.32","218.93","58.23"
"2022-03-14 06:00","57.41","1.18","62.11","2.2","6.94","346.5","231.76","54.16"
"2022-03-14 07:00","61.47","1.69","62.65","2.2","6.95","416.27","220.22","46.7"
"2022-03-14 08:00","56.85","2.31","75.38","2.2","6.83","460.15","210.74","42.09"
"2022-03-14 09:00","56.73","1.32","85.25","2.2","6.71","359.91","214.05","42.57"
"2022-03-14 10:00","45.05","1.82","84.22","2.2","6.53","306.68","207.51","40.98"
"2022-03-14 11:00","37.46","1.15","85.67","2.2","6.33","312.17","206.79","41.56"
"2022-03-14 12:00","34.49","1.0","86.14","2.2","6.32","288.93","207.46","43.01"
"2022-03-14 13:00","38.29","1.18","85.4","2.2","6.26","260.52","201.57","42.07"
"2022-03-14 14:00","42.95","1.26","86.52","2.21","5.86","179.12","184.92","32.83"
"2022-03-14 15:00","39.18","1.16","85.81","2.21","6.05","141.88","184.07","30.55"
"2022-03-14 16:00","38.31","1.02","85.72","2.22","6.28","123.91","179.49","31.65"
"2022-03-14 17:00","42.73","1.9","85.14","2.2","6.61","123.69","169.47","35.5"
"2022-03-14 18:00","44.02","1.35","83.84","2.21","6.79","184.17","159.54","35.66"
"2022-03-14 19:00","34.86","1.14","82.76","2.2","6.9","140.81","164.22","35.08"
"2022-03-14 20:00","31.4","0.855","83.16","2.2","6.84","135.61","146.49","35.93"
"2022-03-14 21:00","29.97","0.8668","82.9","2.2","6.8","134.96","155.13","45.79"
"2022-03-14 22:00","29.29","1.16","83.19","2.2","6.56","135.1","160.76","52.38"
"2022-03-14 23:00","31.08","1.01","83.31","2.2","6.61","136.39","164.24","54.5"
"2022-03-15 00:00","27.99","1.18","83.59","2.2","6.34","137.51","165.05","54.61"
"2022-03-15 01:00","31.23","0.9931","83.61","2.2","6.42","138.95","161.81","52.72"
"2022-03-15 02:00","28.18","1.31","84.17","2.2","6.4","137.16","156.61","51.91"
"2022-03-15 03:00","29.86","1.15","84.03","2.2","6.34","137.0","160.28","51.89"
"2022-03-15 04:00","30.11","0.8573","83.84","2.2","6.38","138.26","172.87","53.67"
"2022-03-15 05:00","33.54","0.8487","84.79","2.19","6.65","255.14","208.12","51.08"
"2022-03-15 06:00","53.66","1.65","84.67","2.2","6.88","337.99","223.6","49.14"
"2022-03-15 07:00","55.64","2.19","85.62","2.2","7.02","398.99","222.91","45.29"
"2022-03-15 08:00","53.7","1.18","86.53","2.2","6.84","398.43","217.91","44.15"
"2022-03-15 09:00","53.93","1.84","88.58","2.2","6.82","410.06","216.22","43.01"
"2022-03-15 10:00","49.83","1.16","89.68","2.2","6.68","326.01","211.63","38.26"
"2022-03-15 11:00","49.79","1.2","89.41","2.2","6.62","275.07","202.72","35.15"
"2022-03-15 12:00","40.38","1.17","88.79","2.19","6.51","240.72","198.34","28.25"
"2022-03-15 13:00","33.59","1.31","89.47","2.21","6.35","182.64","197.93","31.38"
"2022-03-15 14:00","31.35","1.18","88.89","2.21","6.18","172.82","191.02","31.98"
"2022-03-15 15:00","31.18","1.19","87.99","2.2","6.16","122.4","189.59","35.5"
"2022-03-15 16:00","38.01","1.12","86.31","2.2","6.25","120.97","188.94","43.5"
"2022-03-15 17:00","41.25","1.3","85.72","2.19","6.61","122.89","183.6","44.22"
"2022-03-15 18:00","29.06","1.0","85.49","2.2","6.66","112.9","166.13","39.27"
"2022-03-15 19:00","31.86","0.6718","85.63","2.2","6.87","115.98","157.84","41.62"
"2022-03-15 20:00","31.66","1.18","85.66","2.2","6.91","118.19","151.29","44.26"
"2022-03-15 21:00","30.18","1.36","86.6","2.2","6.62","118.0","158.6","50.2"
"2022-03-15 22:00","31.77","1.01","85.59","2.2","6.39","117.82","158.86","48.66"
"2022-03-15 23:00","31.72","0.6837","86.23","2.21","6.48","119.05","158.29","51.18"
"2022-03-16 00:00","29.62","0.675","85.42","2.2","6.39","115.8","162.92","54.36"
"2022-03-16 01:00","32.17","0.8479","87.28","2.2","6.32","120.91","163.55","57.97"
"2022-03-16 02:00","31.63","0.6726","84.75","2.2","6.43","116.95","165.67","57.72"
"2022-03-16 03:00","29.67","0.6789","86.82","2.2","6.39","118.42","162.31","57.67"
"2022-03-16 04:00","31.3","0.6995","84.7","2.21","6.27","118.51","177.16","56.01"
"2022-03-16 05:00","41.91","0.5037","86.89","2.19","6.59","303.12","211.74","56.75"
"2022-03-16 06:00","56.11","1.9","86.06","2.21","6.72","294.92","250.76","51.99"
"2022-03-16 07:00","52.07","1.34","87.72","2.18","6.74","295.78","249.69","49.13"
"2022-03-16 08:00","51.64","1.95","87.49","2.19","6.73","283.43","238.39","44.73"
"2022-03-16 09:00","52.38","1.31","88.05","2.2","6.51","296.09","236.16","42.83"
"2022-03-16 10:00","41.68","1.32","88.06","2.19","6.46","339.99","231.72","37.33"
"2022-03-16 11:00","39.58","1.16","87.73","2.22","6.35","293.39","216.28","27.18"
"2022-03-16 12:00","41.86","1.85","86.78","2.18","6.38","425.93","216.39","32.72"
"2022-03-16 13:00","37.73","1.13","86.3","2.19","6.19","287.13","196.88","33.12"
"2022-03-16 14:00","34.36","0.5124","85.92","2.19","6.19","248.69","194.18","30.98"
"2022-03-16 15:00","37.08","1.19","85.84","2.18","6.29","152.71","192.19","31.79"
"2022-03-16 16:00","33.82","1.19","84.82","2.19","6.37","112.76","183.7","29.93"
"2022-03-16 17:00","31.87","1.02","84.38","2.19","6.53","139.22","173.54","30.95"
"2022-03-16 18:00","33.0","1.18","83.85","2.2","6.92","120.6","148.52","31.45"
"2022-03-16 19:00","33.57","1.31","84.67","2.19","6.86","120.31","157.17","33.53"
"2022-03-16 20:00","32.64","1.01","84.9","2.2","6.83","120.51","149.84","36.39"
"2022-03-16 21:00","32.48","1.0","84.98","2.2","6.78","122.02","148.62","36.28"
"2022-03-16 22:00","31.22","1.18","85.4","2.2","6.48","122.93","146.92","36.06"
"2022-03-16 23:00","31.23","1.17","85.85","2.19","6.41","123.85","147.53","37.62"
"2022-03-17 00:00","31.77","0.656","86.06","2.2","6.49","124.74","142.48","33.65"
"2022-03-17 01:00","31.87","0.8542","86.24","2.2","6.39","125.28","146.66","36.62"
"2022-03-17 02:00","31.71","0.5187","86.14","2.2","6.35","124.75","148.38","38.07"
"2022-03-17 03:00","32.13","1.13","86.51","2.2","6.38","125.68","150.69","40.14"
"2022-03-17 04:00","32.64","0.8463","85.87","2.2","6.27","132.17","157.81","39.27"
"2022-03-17 05:00","36.62","1.18","87.0","2.2","6.59","448.4","202.31","38.1"
"2022-03-17 06:00","77.37","2.28","88.43","2.19","6.71","379.99","246.89","40.02"
"2022-03-17 07:00","105.79","2.96","86.72","3.27","6.66","416.92","261.99","36.83"
"2022-03-17 08:00","69.76","2.06","88.17","2.65","8.66","392.59","242.55","35.09"
"2022-03-17 09:00","94.91","2.36","88.85","3.16","8.87","389.2","252.15","30.06"
"2022-03-17 10:00","85.17","1.81","88.61","2.96","9.62","421.52","257.81","29.78"
"2022-03-17 11:00","86.48","2.69","87.87","3.53","9.62","399.29","264.8","31.3"
"2022-03-17 12:00","78.99","2.51","87.06","2.88","9.61","455.07","248.66","33.19"
"2022-03-17 13:00","63.98","1.69","85.96","2.53","9.63","425.01","227.72","29.32"
"2022-03-17 14:00","38.16","1.3","86.54","2.18","9.85","257.24","194.85","27.69"
"2022-03-17 15:00","34.48","1.0","86.9","2.19","9.89","123.34","192.06","27.67"
"2022-03-17 16:00","30.66","1.12","85.18","2.2","9.66","117.01","183.25","31.07"
"2022-03-17 17:00","26.87","1.0","85.06","2.19","9.97","114.39","168.77","30.61"
"2022-03-17 18:00","28.4","1.29","84.92","2.2","9.95","114.73","160.29","30.39"
"2022-03-17 19:00","31.54","1.15","85.8","2.2","8.84","115.87","160.82","38.39"
"2022-03-17 20:00","32.39","0.6837","86.29","2.2","8.78","118.6","157.36","43.03"
"2022-03-17 21:00","32.74","0.8534","86.22","2.21","8.84","118.82","160.84","46.2"
"2022-03-17 22:00","32.19","0.6773","84.78","2.2","8.61","117.37","158.0","48.46"
"2022-03-17 23:00","32.07","0.656","86.08","2.2","8.57","119.3","159.18","48.65"
"2022-03-18 00:00","31.15","0.6655","85.09","2.2","8.71","117.59","160.82","51.03"
"2022-03-18 01:00","31.36","0.6584","85.62","2.2","8.63","119.01","158.58","50.9"
"2022-03-18 02:00","32.73","0.851","85.44","2.2","8.81","119.64","160.89","52.19"
"2022-03-18 03:00","32.13","0.6931","85.45","2.2","8.58","119.89","162.82","55.17"
"2022-03-18 04:00","32.27","0.5179","85.71","2.21","8.69","120.78","175.94","57.24"
"2022-03-18 05:00","32.45","0.5195","83.83","2.2","8.68","586.94","217.3","57.59"
"2022-03-18 06:00","56.18","1.87","86.44","2.96","8.93","696.07","245.9","52.56"
"2022-03-18 07:00","75.17","1.68","84.62","2.72","8.77","747.21","246.85","49.52"
"2022-03-18 08:00","76.58","2.14","86.7","3.29","9.07","772.75","245.25","46.55"
"2022-03-18 09:00","60.59","1.69","83.54","3.23","9.0","583.46","242.32","43.82"
"2022-03-18 10:00","49.56","1.17","86.28","2.19","9.12","556.43","241.4","41.99"
"2022-03-18 11:00","49.36","1.01","85.42","2.19","8.78","525.56","229.82","41.62"
"2022-03-18 12:00","41.94","2.0","85.01","2.2","8.95","430.47","201.92","42.52"
"2022-03-18 13:00","37.29","1.29","86.78","2.2","8.83","380.57","199.82","41.29"
"2022-03-18 14:00","43.62","1.18","85.45","2.19","8.79","173.55","197.55","40.19"
"2022-03-18 15:00","36.72","1.13","85.62","2.2","8.57","124.39","195.45","44.14"
"2022-03-18 16:00","33.61","1.18","85.64","2.21","8.83","122.72","186.18","44.4"
"2022-03-18 17:00","35.68","1.15","83.83","2.2","8.9","121.72","189.38","51.21"
"2022-03-18 18:00","35.15","1.21","84.64","2.2","9.03","121.86","175.49","52.77"
"2022-03-18 19:00","35.67","1.02","83.94","2.2","8.98","120.39","168.36","56.76"
"2022-03-18 20:00","34.15","0.5179","85.37","2.2","8.89","123.15","166.91","59.5"
"2022-03-18 21:00","35.01","1.16","83.71","2.21","8.91","121.33","169.73","59.34"
"2022-03-18 22:00","35.87","1.15","85.36","2.2","8.97","124.48","168.23","61.84"
"2022-03-18 23:00","35.73","1.16","83.38","2.2","9.01","121.79","169.63","61.83"
"2022-03-19 00:00","33.76","1.18","84.96","2.2","8.83","123.4","169.91","61.77"
"2022-03-19 01:00","33.82","1.16","83.61","2.2","8.75","121.11","170.39","61.18"
"2022-03-19 02:00","34.99","1.19","84.72","2.19","8.67","124.22","169.59","61.2"
"2022-03-19 03:00","35.35","1.02","84.32","2.2","8.72","123.53","169.61","63.07"
"2022-03-19 04:00","35.18","0.6845","84.64","2.2","8.58","125.09","183.61","65.59"
"2022-03-19 05:00","36.06","1.17","84.8","2.2","8.88","125.48","181.71","63.49"
"2022-03-19 06:00","35.55","1.28","83.98","2.21","8.89","124.6","192.58","62.96"
"2022-03-19 07:00","33.06","1.2","84.33","2.2","7.97","125.28","202.99","62.02"
"2022-03-19 08:00","32.85","1.15","82.81","2.2","7.77","121.3","197.32","63.13"
"2022-03-19 09:00","33.66","1.32","84.81","2.2","8.09","124.51","192.08","62.65"
"2022-03-19 10:00","31.36","1.33","83.66","2.21","7.83","120.69","191.33","64.62"
"2022-03-19 11:00","33.19","1.33","85.47","2.21","7.78","125.2","200.66","62.23"
"2022-03-19 12:00","34.65","1.17","84.39","2.2","8.35","122.94","191.11","61.46"
"2022-03-19 13:00","34.92","0.6908","85.27","2.21","8.66","123.74","195.75","64.83"
"2022-03-19 14:00","34.36","1.17","84.73","2.21","8.72","122.73","194.34","64.03"
"2022-03-19 15:00","33.97","1.18","84.46","2.2","8.83","121.98","201.86","62.44"
"2022-03-19 16:00","34.98","1.17","85.43","2.21","8.79","124.28","191.2","61.71"
"2022-03-19 17:00","35.31","1.32","84.21","2.2","8.86","122.45","173.56","55.39"
"2022-03-19 18:00","36.09","1.31","85.48","2.18","9.02","123.93","163.75","57.6"
"2022-03-19 19:00","35.52","0.9963","83.9","2.2","9.35","122.15","171.97","59.27"
"2022-03-19 20:00","34.47","1.16","85.36","2.21","9.23","123.31","171.94","61.43"
"2022-03-19 21:00","36.03","1.01","85.78","2.2","8.99","125.23","168.04","59.87"
"2022-03-19 22:00","35.81","2.97","85.35","2.2","8.89","125.53","173.76","63.27"
"2022-03-19 23:00","35.66","9.25","86.89","2.2","8.8","127.28","172.86","65.64"
"2022-03-20 00:00","34.05","3.31","85.14","2.2","8.6","124.32","177.33","65.37"
"2022-03-20 01:00","33.96","5.48","87.5","2.21","8.58","126.55","179.69","67.37"
"2022-03-20 02:00","35.09","1.31","85.03","2.2","8.71","124.85","179.54","67.32"
"2022-03-20 03:00","34.75","1.14","87.33","2.2","8.8","127.35","177.04","64.75"
"2022-03-20 04:00","33.56","1.18","85.91","2.2","8.81","125.67","177.84","66.84"
"2022-03-20 05:00","36.97","1.0","86.38","2.2","8.98","127.66","180.68","70.49"
"2022-03-20 06:00","34.93","0.5084","86.98","2.2","9.18","126.97","175.44","67.06"
"2022-03-20 07:00","35.14","1.14","84.35","2.2","8.97","124.99","174.48","69.15"
"2022-03-20 08:00","35.75","1.28","86.53","2.19","8.85","126.69","164.93","67.93"
"2022-03-20 09:00","36.15","1.16","83.98","2.19","8.95","124.24","168.15","72.3"
"2022-03-20 10:00","32.77","1.31","85.4","2.2","8.63","123.41","169.72","73.54"
"2022-03-20 11:00","35.34","1.0","84.98","2.2","8.63","123.28","164.91","69.82"
"2022-03-20 12:00","35.22","1.18","84.26","2.2","8.51","121.9","170.86","67.26"
"2022-03-20 13:00","33.65","0.9915","85.05","2.19","8.3","120.03","164.29","65.2"
"2022-03-20 14:00","34.42","1.14","86.25","2.2","8.48","119.78","160.34","64.22"
"2022-03-20 15:00","34.73","1.3","86.49","2.19","8.23","120.22","155.96","59.9"
"2022-03-20 16:00","33.62","1.01","86.42","2.19","8.3","120.06","156.89","57.68"
"2022-03-20 17:00","32.57","0.5195","86.76","2.2","8.48","119.54","156.5","58.37"
"2022-03-20 18:00","34.36","1.1","86.37","2.2","8.53","121.13","157.69","57.1"
"2022-03-20 19:00","33.17","1.2","86.6","2.2","9.01","120.91","162.45","55.62"
"2022-03-20 20:00","35.44","1.02","87.13","2.19","8.94","124.13","157.53","51.43"
"2022-03-20 21:00","35.1","0.8558","87.2","2.2","8.7","124.91","160.97","52.95"
"2022-03-20 22:00","32.79","1.32","85.59","2.2","8.43","121.26","159.75","51.97"
"2022-03-20 23:00","35.02","1.83","86.74","2.2","8.41","124.92","159.22","53.0"
"2022-03-21 00:00","35.43","1.12","86.16","2.19","8.25","124.33","155.5","53.62"
"2022-03-21 01:00","36.07","0.8258","85.12","2.21","8.93","122.96","161.56","52.28"
"2022-03-21 02:00","36.09","1.14","86.8","2.2","8.88","124.41","156.14","52.45"
"2022-03-21 03:00","34.57","0.8076","84.38","2.2","8.53","123.1","162.55","53.86"
"2022-03-21 04:00","34.22","0.4974","85.5","2.2","8.43","609.45","199.41","55.5"
"2022-03-21 05:00","41.45","1.17","85.84","2.19","8.93","611.69","242.38","54.63"
"2022-03-21 06:00","104.08","2.29","86.28","3.87","9.07","756.38","290.1","49.44"
"2022-03-21 07:00","121.91","3.19","88.43","4.85","9.0","851.77","297.78","44.67"
"2022-03-21 08:00","113.11","2.84","87.05","4.38","8.87","813.73","288.63","38.79"
"2022-03-21 09:00","118.25","3.29","86.17","4.82","8.65","862.65","291.47","35.75"
"2022-03-21 10:00","96.64","2.95","86.52","4.02","8.28","821.5","289.69","32.56"
"2022-03-21 11:00","99.86","2.96","86.29","4.58","8.02","850.43","277.87","32.73"
"2022-03-21 12:00","84.51","3.17","85.74","3.16","7.93","806.46","262.07","31.96"
"2022-03-21 13:00","57.97","1.34","85.07","3.46","7.9","712.02","240.44","32.39"
"2022-03-21 14:00","53.68","2.47","85.63","2.48","7.55","341.89","249.62","36.22"
"2022-03-21 15:00","48.6","1.66","85.75","2.21","7.61","145.99","221.34","31.43"
"2022-03-21 16:00","48.63","2.22","84.8","2.2","7.89","138.69","193.61","30.77"
"2022-03-21 17:00","50.5","1.64","84.93","2.2","8.15","135.03","184.44","29.94"
"2022-03-21 18:00","54.34","1.71","84.88","2.19","8.58","132.31","171.97","29.24"
"2022-03-21 19:00","54.87","2.48","84.53","2.2","8.89","132.12","170.99","32.88"
"2022-03-21 20:00","55.42","1.69","84.58","2.21","9.01","132.87","167.3","35.33"
"2022-03-21 21:00","46.65","1.37","84.44","2.22","9.07","127.16","155.41","36.62"
"2022-03-21 22:00","44.64","1.84","85.29","2.2","8.93","128.31","151.32","38.39"
"2022-03-21 23:00","43.3","1.16","85.35","2.2","8.98","126.41","151.85","36.87"
"2022-03-22 00:00","43.84","0.8179","85.55","2.2","8.88","126.71","147.89","34.51"
"2022-03-22 01:00","44.4","1.12","85.67","2.2","8.89","126.11","150.42","38.03"
"2022-03-22 02:00","45.72","1.7","85.96","2.2","8.94","127.36","154.36","43.27"
"2022-03-22 03:00","46.46","1.27","85.68","2.21","8.66","134.93","166.5","47.66"
"2022-03-22 04:00","47.03","1.12","85.07","2.2","6.66","700.06","193.65","44.04"
"2022-03-22 05:00","56.78","1.65","85.5","2.19","6.76","624.56","225.96","43.61"
"2022-03-22 06:00","110.93","2.37","86.64","3.81","6.76","796.48","273.72","36.54"
"2022-03-22 07:00","126.96","4.24","86.46","4.7","6.62","872.28","282.1","29.22"
"2022-03-22 08:00","111.87","2.31","86.88","4.2","6.65","876.14","277.33","28.5"
"2022-03-22 09:00","131.16","3.53","86.78","4.81","6.67","867.16","286.96","32.18"
"2022-03-22 10:00","109.34","2.38","86.08","4.12","6.68","892.74","287.84","34.01"
"2022-03-22 11:00","122.17","2.29","85.89","4.77","6.68","901.61","292.6","32.68"
"2022-03-22 12:00","100.24","2.65","87.01","3.45","6.67","841.29","272.01","32.75"
"2022-03-22 13:00","72.09","1.36","87.35","3.55","6.59","787.83","253.93","27.99"
"2022-03-22 14:00","63.25","1.33","86.89","2.5","6.75","352.05","251.06","33.06"
"2022-03-22 15:00","57.86","1.49","86.73","2.21","6.6","249.79","229.83","38.17"
"2022-03-22 16:00","54.16","1.55","85.36","2.22","6.77","216.9","224.76","40.62"
"2022-03-22 17:00","51.62","1.33","85.75","2.21","6.9","177.53","198.41","37.51"
"2022-03-22 18:00","51.31","1.01","85.96","2.21","7.02","180.1","192.74","38.23"
"2022-03-22 19:00","52.1","1.19","84.97","2.22","6.97","179.16","198.06","43.02"
"2022-03-22 20:00","54.45","0.6773","86.31","2.22","6.94","184.54","189.97","42.64"
"2022-03-22 21:00","54.45","1.82","84.57","2.23","6.85","182.91","183.12","48.78"
"2022-03-22 22:00","47.76","1.17","86.35","2.23","6.6","179.83","178.7","54.51"
"2022-03-22 23:00","46.36","1.15","85.0","2.23","6.82","176.52","183.84","55.81"
"2022-03-23 00:00","45.74","1.15","85.59","2.23","6.58","177.0","187.16","56.18"
"2022-03-23 01:00","48.12","1.01","85.97","2.23","6.8","179.4","179.85","57.45"
"2022-03-23 02:00","55.98","1.83","84.27","2.23","6.63","183.35","185.3","58.44"
"2022-03-23 03:00","56.29","1.11","86.22","2.22","6.39","185.03","187.84","58.47"
"2022-03-23 04:00","49.95","1.77","83.16","2.21","3.68","696.15","220.34","59.87"
"2022-03-23 05:00","52.23","0.9726","85.94","2.19","3.9","557.77","246.72","56.84"
"2022-03-23 06:00","106.83","3.02","85.98","4.09","4.01","754.38","298.68","53.09"
"2022-03-23 07:00","116.65","3.31","86.11","4.82","3.99","776.78","301.87","50.05"
"2022-03-23 08:00","117.05","2.3","85.2","4.35","4.0","759.73","299.4","45.91"
"2022-03-23 09:00","126.73","2.84","86.44","4.89","3.96","684.1","298.17","39.35"
"2022-03-23 10:00","102.65","2.97","86.44","4.16","3.86","748.11","295.29","33.55"
"2022-03-23 11:00","114.41","3.13","86.47","5.03","3.87","763.5","294.25","30.8"
"2022-03-23 12:00","76.92","1.92","86.55","3.68","3.77","737.85","267.61","27.93"
"2022-03-23 13:00","58.03","1.65","86.73","3.6","3.75","684.92","265.6","29.74"
"2022-03-23 14:00","45.61","1.17","86.26","3.22","3.81","215.46","259.48","32.41"
"2022-03-23 15:00","42.65","1.73","86.24","2.23","3.68","120.93","240.1","38.98"
"2022-03-23 16:00","38.84","1.28","85.65","2.22","3.77","115.15","214.54","31.86"
"2022-03-23 17:00","41.58","1.14","85.07","2.22","3.92","116.91","202.68","30.43"
"2022-03-23 18:00","41.43","0.6884","84.6","2.21","3.89","114.31","189.87","36.98"
"2022-03-23 19:00","37.49","1.33","84.42","2.21","4.02","113.26","199.12","43.27"
"2022-03-23 20:00","35.66","1.13","83.1","2.22","3.97","112.69","193.15","50.08"
"2022-03-23 21:00","36.02","1.16","85.23","2.22","3.96","115.56","177.36","56.97"
"2022-03-23 22:00","36.36","1.15","83.32","2.22","3.79","113.84","171.79","57.11"
"2022-03-23 23:00","35.17","1.3","84.39","2.22","3.91","114.29","175.34","59.86"
"2022-03-24 00:00","35.99","1.1","85.19","2.22","3.81","115.71","174.93","60.88"
"2022-03-24 01:00","34.91","1.01","84.7","2.22","3.41","116.24","186.5","64.06"
"2022-03-24 02:00","32.5","0.6395","85.92","2.22","3.31","115.56","183.52","63.03"
"2022-03-24 03:00","35.16","1.27","84.17","2.23","3.33","119.81","186.59","61.48"
"2022-03-24 04:00","34.88","0.9868","86.0","2.21","3.42","540.74","210.83","59.62"
"2022-03-24 05:00","40.47","1.15","83.95","2.32","3.58","576.4","256.33","59.73"
"2022-03-24 06:00","93.66","2.44","87.29","4.14","3.81","594.41","305.29","57.17"
"2022-03-24 07:00","110.19","2.93","86.6","5.03","3.85","689.9","310.14","52.37"
"2022-03-24 08:00","100.11","2.75","87.76","4.36","3.89","667.01","303.49","46.73"
"2022-03-24 09:00","115.38","2.93","87.14","4.64","3.82","671.23","301.0","46.4"
"2022-03-24 10:00","100.91","2.61","87.01","3.91","3.9","690.3","302.22","46.35"
"2022-03-24 11:00","110.34","2.91","87.36","4.83","3.95","677.59","306.91","46.91"
"2022-03-24 12:00","70.98","1.47","87.5","3.47","3.81","672.62","270.72","36.94"
"2022-03-24 13:00","56.52","1.78","87.28","3.56","3.89","668.22","236.69","31.25"
"2022-03-24 14:00","40.65","1.2","87.37","2.94","3.91","255.72","250.56","31.47"
"2022-03-24 15:00","34.87","1.03","86.04","2.23","3.93","171.82","237.91","40.13"
"2022-03-24 16:00","34.28","1.02","85.29","2.22","4.04","141.01","230.45","46.8"
"2022-03-24 17:00","35.06","1.18","85.46","2.24","3.98","124.79","210.41","51.45"
"2022-03-24 18:00","34.93","1.18","86.43","2.22","4.11","122.17","201.27","54.83"
"2022-03-24 19:00","38.37","1.01","84.02","2.22","3.57","118.32","204.56","57.42"
"2022-03-24 20:00","39.98","1.01","86.79","2.22","3.32","122.2","202.09","60.37"
"2022-03-24 21:00","38.16","1.2","84.73","2.23","3.25","115.19","189.33","61.74"
"2022-03-24 22:00","39.15","1.01","86.79","2.23","3.17","118.95","184.71","62.88"
"2022-03-24 23:00","36.69","1.01","84.48","2.22","3.32","115.66","184.29","63.95"
"2022-03-25 00:00","38.8","0.9947","85.84","2.23","3.43","119.25","181.85","65.66"
"2022-03-25 01:00","37.1","0.5147","83.65","2.22","3.6","115.28","185.28","64.27"
"2022-03-25 02:00","38.92","1.35","84.99","2.23","3.57","118.53","181.63","64.11"
"2022-03-25 03:00","38.13","1.38","84.09","2.23","3.53","117.81","186.29","67.14"
"2022-03-25 04:00","38.87","1.69","84.22","2.22","3.58","572.83","215.03","62.4"
"2022-03-25 05:00","46.03","1.12","84.28","2.21","3.81","572.33","250.06","62.18"
"2022-03-25 06:00","97.6","2.29","86.01","3.99","3.89","753.1","306.62","60.43"
"2022-03-25 07:00","109.88","2.95","87.77","4.88","3.93","769.92","313.41","53.45"
"2022-03-25 08:00","103.25","3.06","85.43","4.19","3.9","739.63","308.37","51.78"
"2022-03-25 09:00","105.93","2.9","87.8","4.43","3.88","761.94","301.04","48.39"
"2022-03-25 10:00","93.93","2.7","86.33","3.81","3.84","752.79","301.05","47.48"
"2022-03-25 11:00","108.08","2.8","87.58","4.72","3.77","762.63","308.69","44.87"
"2022-03-25 12:00","76.48","2.76","85.74","3.93","3.85","738.03","271.11","42.41"
"2022-03-25 13:00","58.1","1.11","87.26","4.05","3.92","570.08","242.89","40.8"
"2022-03-25 14:00","47.3","1.7","85.76","3.69","8.55","204.31","253.34","39.72"
"2022-03-25 15:00","38.99","1.29","87.4","2.23","9.08","133.65","247.28","43.58"
"2022-03-25 16:00","39.38","1.03","85.91","2.23","9.22","127.2","234.33","50.04"
"2022-03-25 17:00","34.35","1.18","84.88","2.22","9.29","120.96","214.54","51.95"
"2022-03-25 18:00","32.31","1.01","85.38","2.21","9.33","120.39","202.45","54.14"
"2022-03-25 19:00","37.84","1.18","85.28","2.22","8.49","122.16","195.2","58.75"
"2022-03-25 20:00","38.14","1.18","86.18","2.24","8.4","125.27","194.25","62.99"
"2022-03-25 21:00","37.08","0.6892","84.08","2.22","8.36","121.53","190.86","64.45"
"2022-03-25 22:00","36.43","1.16","87.07","2.22","8.08","124.59","183.26","61.04"
"2022-03-25 23:00","36.47","0.9923","83.82","2.22","8.04","121.77","188.66","62.48"
"2022-03-26 00:00","36.19","1.27","86.27","2.23","7.87","124.43","185.02","63.82"
"2022-03-26 01:00","37.13","1.15","84.15","2.22","7.85","122.65","182.58","64.06"
"2022-03-26 02:00","35.76","1.1","83.74","2.21","7.88","121.64","187.74","66.8"
"2022-03-26 03:00","36.78","1.01","84.87","2.22","7.83","123.96","185.35","69.42"
"2022-03-26 04:00","36.83","1.14","83.53","2.2","8.17","121.68","200.14","69.46"
"2022-03-26 05:00","38.35","1.01","85.6","2.22","8.16","125.21","195.55","69.69"
"2022-03-26 06:00","37.97","0.521","83.06","2.21","8.35","121.54","198.83","71.94"
"2022-03-26 07:00","36.42","1.14","84.35","2.21","8.26","121.57","190.06","71.12"
"2022-03-26 08:00","40.56","1.0","83.35","2.22","8.44","121.76","186.63","70.66"
"2022-03-26 09:00","37.79","1.11","83.67","2.21","8.41","120.35","195.16","71.6"
"2022-03-26 10:00","40.39","1.16","84.63","2.21","8.54","123.78","182.69","74.46"
"2022-03-26 11:00","38.22","0.9971","83.02","2.21","8.35","119.66","191.08","74.23"
"2022-03-26 12:00","39.88","1.33","84.92","2.21","8.17","123.81","184.48","70.91"
"2022-03-26 13:00","37.56","1.15","83.52","2.22","8.31","120.69","185.68","69.76"
"2022-03-26 14:00","39.84","1.68","84.84","2.22","8.22","123.87","187.65","74.22"
"2022-03-26 15:00","37.16","1.27","84.52","2.21","8.22","122.21","183.11","71.74"
"2022-03-26 16:00","39.56","0.9884","84.16","2.2","8.25","122.66","185.23","70.57"
"2022-03-26 17:00","37.66","0.6852","84.92","2.22","8.45","123.01","181.56","69.23"
"2022-03-26 18:00","37.59","1.15","83.08","2.21","8.27","120.43","187.15","70.45"
"2022-03-26 19:00","40.34","1.14","86.14","2.21","8.61","124.95","195.13","72.78"
"2022-03-26 20:00","39.28","1.02","85.07","2.22","8.83","125.59","192.75","72.27"
"2022-03-26 21:00","41.06","1.15","85.92","2.23","8.87","127.37","195.78","72.42"
"2022-03-26 22:00","38.56","1.01","86.55","2.22","8.74","126.91","193.22","73.0"
"2022-03-26 23:00","38.35","1.15","84.78","2.23","8.66","124.75","195.87","73.75"
"2022-03-27 00:00","39.91","1.33","86.67","2.22","8.47","128.79","192.88","71.43"
"2022-03-27 01:00","37.85","1.13","84.05","2.23","8.52","124.46","201.23","74.81"
"2022-03-27 02:00","40.09","1.0","86.18","2.22","8.46","128.33","196.31","75.15"
"2022-03-27 03:00","38.01","0.9939","84.88","2.22","8.38","125.16","196.74","76.84"
"2022-03-27 04:00","39.87","0.6845","85.58","2.22","8.31","126.97","199.65","76.42"
"2022-03-27 05:00","38.7","1.12","85.89","2.22","8.64","127.22","198.24","77.42"
"2022-03-27 06:00","38.91","1.3","84.33","2.22","8.71","125.95","203.89","77.98"
"2022-03-27 07:00","40.54","1.18","85.12","2.22","8.53","126.82","187.59","75.66"
"2022-03-27 08:00","38.09","1.15","82.83","2.22","8.54","121.56","190.16","77.49"
"2022-03-27 09:00","37.86","1.05","84.66","2.22","8.35","123.96","194.38","80.54"
"2022-03-27 10:00","38.64","1.99","83.8","2.22","8.22","123.89","192.17","76.41"
"2022-03-27 11:00","38.07","0.6813","84.23","2.23","8.31","124.28","188.76","74.88"
"2022-03-27 12:00","37.65","1.35","85.69","2.23","8.28","124.64","189.96","77.7"
"2022-03-27 13:00","37.81","1.17","84.19","2.22","8.31","122.22","194.82","79.41"
"2022-03-27 14:00","37.32","1.26","86.14","2.22","8.17","123.85","184.09","74.82"
"2022-03-27 15:00","38.86","1.26","84.86","2.22","8.43","123.77","185.27","73.01"
"2022-03-27 16:00","37.21","0.8502","85.93","2.22","8.29","123.41","181.83","73.77"
"2022-03-27 17:00","37.58","0.8534","85.04","2.21","8.73","122.92","181.25","69.89"
"2022-03-27 18:00","40.13","1.17","83.73","2.21","8.89","123.57","183.86","70.07"
"2022-03-27 19:00","38.46","1.19","85.47","2.22","9.12","124.52","191.95","73.02"
"2022-03-27 20:00","38.73","1.14","84.32","2.22","9.11","125.16","195.06","74.66"
"2022-03-27 21:00","38.87","1.32","86.89","2.22","9.0","127.69","189.0","74.57"
"2022-03-27 22:00","39.29","1.16","84.15","2.22","8.8","125.32","187.43","72.47"
"2022-03-27 23:00","38.61","1.03","86.89","2.23","8.63","128.23","191.85","71.82"
"2022-03-28 00:00","37.07","1.16","84.92","2.22","8.58","125.3","194.63","73.7"
"2022-03-28 01:00","37.22","0.6671","85.39","2.22","8.48","125.33","194.94","73.82"
"2022-03-28 02:00","38.37","1.35","85.61","2.22","8.63","127.98","196.38","74.7"
"2022-03-28 03:00","38.22","1.03","84.5","2.22","8.47","126.74","201.97","76.25"
"2022-03-28 04:00","37.11","1.12","86.34","2.22","8.55","643.2","227.63","76.54"
"2022-03-28 05:00","42.42","1.13","84.06","2.21","8.7","480.18","277.74","75.49"
"2022-03-28 06:00","90.55","3.18","88.59","4.01","8.71","492.96","322.7","70.37"
"2022-03-28 07:00","107.18","2.73","85.92","4.82","8.62","613.03","322.61","63.6"
"2022-03-28 08:00","95.63","2.52","88.59","4.28","8.66","637.41","316.3","58.64"
"2022-03-28 09:00","117.26","3.09","85.75","4.8","8.64","721.36","322.89","58.89"
"2022-03-28 10:00","95.93","3.12","88.51","4.15","8.77","715.23","319.24","57.36"
"2022-03-28 11:00","103.35","2.51","86.98","4.78","8.53","697.92","316.58","56.48"
"2022-03-28 12:00","91.2","1.69","89.68","4.15","8.34","626.15","300.36","51.94"
"2022-03-28 13:00","59.49","1.81","88.35","3.53","8.26","580.72","270.96","50.27"
"2022-03-28 14:00","49.6","1.02","90.16","2.71","8.98","210.9","284.95","48.42"
"2022-03-28 15:00","37.73","1.16","87.82","2.21","9.15","131.81","258.33","55.65"
"2022-03-28 16:00","37.64","1.3","89.26","2.21","9.09","132.03","238.19","54.33"
"2022-03-28 17:00","36.41","1.91","87.03","2.22","9.32","129.6","221.43","56.31"
"2022-03-28 18:00","33.58","1.15","87.62","2.22","9.52","126.09","208.44","59.01"
"2022-03-28 19:00","36.56","1.19","87.49","2.22","9.98","127.9","205.67","61.5"
"2022-03-28 20:00","34.44","0.6039","86.76","2.22","9.7","126.93","208.42","65.98"
"2022-03-28 21:00","35.36","1.16","87.28","2.22","10.06","129.09","194.01","66.35"
"2022-03-28 22:00","34.79","1.18","85.95","2.22","9.81","128.27","190.54","68.31"
"2022-03-28 23:00","33.87","1.35","87.7","2.22","9.93","130.51","189.6","68.77"
"2022-03-29 00:00","36.67","1.32","85.3","2.22","8.72","128.1","193.0","68.82"
"2022-03-29 01:00","38.9","1.18","87.71","2.22","8.22","131.17","190.45","68.4"
"2022-03-29 02:00","38.26","1.01","84.38","2.22","8.19","127.95","189.23","68.66"
"2022-03-29 03:00","37.49","1.17","86.81","2.22","8.18","132.8","194.03","69.36"
"2022-03-29 04:00","37.14","0.9947","86.36","2.22","8.26","707.02","221.95","72.57"
"2022-03-29 05:00","44.27","1.33","85.79","2.2","8.47","584.72","272.01","70.57"
"2022-03-29 06:00","97.07","2.34","88.75","4.34","8.55","798.41","313.7","62.4"
"2022-03-29 07:00","122.27","3.72","86.55","4.65","8.36","779.17","316.92","55.47"
"2022-03-29 08:00","120.27","3.14","88.49","4.5","8.44","802.92","315.23","54.18"
"2022-03-29 09:00","128.65","3.73","85.2","4.98","8.57","815.81","314.62","53.25"
"2022-03-29 10:00","109.24","3.43","69.06","3.98","8.57","741.95","312.05","52.43"
"2022-03-29 11:00","92.18","2.07","83.37","4.22","8.49","826.28","283.96","41.25"
"2022-03-29 12:00","60.42","2.12","87.98","2.59","8.36","793.39","267.27","45.82"
"2022-03-29 13:00","58.71","1.76","86.72","2.38","8.38","732.13","275.03","47.42"
"2022-03-29 14:00","45.79","1.15","87.13","2.21","8.19","387.88","257.83","53.58"
"2022-03-29 15:00","43.06","1.32","87.45","2.22","8.12","236.61","233.46","55.83"
"2022-03-29 16:00","44.83","1.15","85.82","2.21","8.16","310.36","227.89","56.15"
"2022-03-29 17:00","44.26","1.21","86.98","2.21","8.15","192.5","216.88","58.42"
"2022-03-29 18:00","38.72","1.19","85.19","2.21","8.37","124.8","204.74","55.36"
"2022-03-29 19:00","37.13","1.53","85.91","2.21","8.66","126.08","194.58","56.22"
"2022-03-29 20:00","40.37","1.32","85.5","2.22","8.72","128.6","197.35","60.34"
"2022-03-29 21:00","38.18","0.8637","84.89","2.23","8.29","125.43","186.91","63.62"
"2022-03-29 22:00","37.66","1.16","86.83","2.22","8.13","127.07","182.86","63.37"
"2022-03-29 23:00","39.52","0.675","84.59","2.22","8.13","126.17","186.77","64.16"
"2022-03-30 00:00","37.69","1.3","84.52","2.22","8.08","125.22","186.42","63.22"
"2022-03-30 01:00","39.82","1.11","85.42","2.22","8.17","127.57","185.06","65.24"
"2022-03-30 02:00","39.79","0.9979","82.54","2.21","8.01","124.32","184.07","63.89"
"2022-03-30 03:00","37.4","1.15","83.49","2.22","8.05","127.33","182.27","63.14"
"2022-03-30 04:00","38.68","1.1","84.82","2.21","8.1","646.48","205.97","61.82"
"2022-03-30 05:00","46.1","1.15","82.19","2.33","8.47","525.82","255.47","58.18"
"2022-03-30 06:00","93.42","2.31","82.92","4.22","8.5","675.51","300.05","50.57"
"2022-03-30 07:00","112.79","3.08","85.1","4.51","8.2","712.08","292.35","47.16"
"2022-03-30 08:00","107.76","2.93","85.65","4.34","8.22","751.17","297.83","44.51"
"2022-03-30 09:00","118.57","2.79","84.86","4.93","8.08","765.9","298.05","41.89"
"2022-03-30 10:00","100.04","2.95","86.34","3.75","8.11","751.86","296.09","38.16"
"2022-03-30 11:00","107.37","2.46","84.64","4.97","8.0","677.69","294.32","34.57"
"2022-03-30 12:00","86.63","2.27","85.71","3.43","7.96","652.38","281.03","33.58"
"2022-03-30 13:00","85.54","2.27","85.93","3.57","7.86","575.54","263.7","31.92"
"2022-03-30 14:00","50.27","1.15","86.32","2.73","7.74","298.15","235.85","26.5"
"2022-03-30 15:00","45.08","0.6671","86.03","2.21","7.63","141.94","222.78","33.01"
"2022-03-30 16:00","45.12","0.8471","86.1","2.23","7.72","137.6","218.74","35.72"
"2022-03-30 17:00","45.13","1.2","86.09","2.21","7.85","135.4","192.34","34.73"
"2022-03-30 18:00","46.39","1.02","86.64","2.21","8.16","135.74","183.92","36.48"
"2022-03-30 19:00","46.83","1.17","86.59","2.22","8.4","135.93","174.88","33.72"
"2022-03-30 20:00","46.31","1.15","86.89","2.22","8.29","139.41","172.42","32.77"
"2022-03-30 21:00","44.65","0.9979","86.64","2.22","8.0","138.58","161.47","34.42"
"2022-03-30 22:00","44.22","0.5171","85.63","2.22","7.66","136.76","154.05","38.08"
"2022-03-30 23:00","43.87","0.6781","85.78","2.22","7.62","137.42","164.65","47.61"
"2022-03-31 00:00","43.81","0.6584","85.3","2.22","7.85","137.36","165.97","52.62"
"2022-03-31 01:00","43.66","1.21","84.21","2.23","7.81","136.52","176.04","56.65"
"2022-03-31 02:00","43.56","1.27","84.74","2.22","7.88","138.06","175.75","58.29"
"2022-03-31 03:00","43.52","1.0","83.85","2.22","7.9","141.62","181.59","59.92"
"2022-03-31 04:00","42.88","1.18","86.36","2.21","7.93","517.99","208.8","60.38"
"2022-03-31 05:00","47.09","0.9829","84.99","2.34","8.1","419.56","257.7","58.57"
"2022-03-31 06:00","66.91","2.44","87.9","3.55","8.43","432.79","284.23","57.84"
"2022-03-31 07:00","113.97","3.32","86.55","4.6","8.41","523.81","303.48","56.11"
"2022-03-31 08:00","113.88","3.24","87.02","4.34","8.64","634.04","306.15","52.65"
"2022-03-31 09:00","123.2","2.49","86.23","4.75","8.64","675.7","307.22","49.84"
"2022-03-31 10:00","91.92","2.5","87.03","3.54","8.86","670.9","295.7","51.19"
"2022-03-31 11:00","118.5","2.63","88.0","4.89","8.91","739.99","307.99","48.11"
"2022-03-31 12:00","85.06","2.35","87.23","4.01","8.99","619.85","282.98","47.81"
"2022-03-31 13:00","60.29","1.16","88.48","3.57","8.99","452.94","249.78","48.84"
"2022-03-31 14:00","55.74","1.82","87.37","2.82","9.08","284.23","273.0","50.31"
"2022-03-31 15:00","40.56","1.04","88.04","2.23","9.48","201.95","257.44","53.53"
"2022-03-31 16:00","40.99","0.9923","86.38","2.22","9.44","190.35","229.44","52.47"
"2022-03-31 17:00","40.09","1.37","86.67","2.22","9.66","186.67","227.14","55.78"
"2022-03-31 18:00","37.94","1.49","85.49","2.21","9.7","158.41","207.63","60.36"
"2022-03-31 19:00","37.67","1.2","87.77","2.22","9.97","138.26","202.32","65.78"
"2022-03-31 20:00","42.75","1.2","86.06","2.22","9.18","136.85","205.25","68.34"
"2022-03-31 21:00","44.58","1.31","86.6","2.22","8.85","136.87","204.25","69.09"
"2022-03-31 22:00","41.9","1.14","85.89","2.23","8.78","135.09","188.49","69.94"
"2022-03-31 23:00","40.15","1.02","85.21","2.22","8.84","133.16","192.92","70.92"
